Demand_Factor,Total_OT,Objective
0.8,6.0369155,6.0369155
0.9,57.281718,57.281718
1.0,119.76445817,119.76445817
1.1,190.6901097,190.6901097
1.2,220.478194,220.478194
