Max_OT_Allowed,Total_OT_Used,Status
36,130.156527,Optimal
42,121.621601,Optimal
48,119.76445817,Optimal
54,118.743396,Optimal
60,117.7433956,Optimal
