Setup_Reduction,Total_OT
0.0,119.76445817
0.25,99.555895
0.5,78.0350619
