Yield_Improvement,Total_OT,Savings
0.0,119.76445817,0.0
0.05,72.42399267,47.34046549999999
0.1,33.3389539,86.42550427
0.15,8.4126984,111.35175977
0.2,0.0,119.76445817
