Demand_Factor,Max_OT,Total_OT
0.8,1.4359653,7.179826499999999
0.9,14.315704,71.57852
1.0,27.195442,135.97721
1.1,40.07518,200.3759
1.2,44.690133,223.45066500000001
