Setup_Reduction,Max_OT,Total_OT
0.0,27.195442,135.97721
0.25,22.595928,112.97964
0.5,17.996413,89.982065
