Yield_Improvement,Max_OT,Total_OT
0.0,27.195442,135.97721
0.05,17.525694,87.62847000000001
0.1,9.2177608,46.088804
