Model,Total_OT,Max_OT,Cost_30xOT_40xMax
Q2,119.76445817,,3592.9337451
Q3,135.97721,27.195442,5167.1339800000005
Q4,122.95396300000002,36.736597,5158.082770000001
