Demand_Factor,Total_OT
0.9,28.183733
1.0,87.132996
1.1,143.9722226
