Config,Total_OT
Config_A,87.132996
Config_B,82.3267286
Config_C,60.384449000000004
Config_D,64.9933953
Config_E,95.743395
