Setup_Reduction,Total_OT
0.0,87.132996
0.25,77.0558953
0.5,63.042133
