Yield_Improvement,Total_OT
0.0,87.132996
0.05,42.988663
0.1,5.0
