c_supp,Total_Cost,Support_Cost
35,13084.769339999999,1680.0
40,13324.769339999999,1920.0
45,13564.769339999999,2160.0
