c_prod,Total_Cost,OT_Cost
25,12124.769339999999,6000.0
30,13324.769339999999,7200.0
35,14524.769339999999,8400.0
