Max_OT_Allowed,Total_Cost,OT_Used,Shortfall
36,14465.7693,160.0,2741.9231
48,13324.769339999999,240.0,1401.58978
60,12657.769251,266.666667,752.589747
