Yield_Improvement,Total_Cost,Total_OT,Shortfall
0.0,13324.769339999999,240.0,1401.58978
0.05,10352.906595,208.923077,721.738095
0.1,7986.041016,200.5714286,16.299386
