Pattern,Total_OT,Week1_OT,Week2_OT
W1>W2,87.132996,87.132996,0.0
W1=W2,151.4611776,91.0767286,60.384449000000004
W1<W2,62.719590000000004,2.335141,60.384449000000004
