Setup_Reduction,Total_OT,Carryovers
0.0,128.3407976,5
0.25,112.3199643,5
0.5,92.29783,5
