Weeks,Q5x2_OT,Q7_OT,Carryover_Savings
1-2,141.3114472,128.3407976,12.970649600000002
11-12,314.0657382,257.645264,56.4204742
