Weeks,Total_OT,Week1_OT,Week2_OT,Carryovers
1-2,128.3407976,91.0767286,37.264069,5
11-12,257.645264,257.645264,0.0,4
3-4,53.028764,10.461427,42.567337,5
