Yield_Improvement,Total_OT
0.0,128.3407976
0.05,47.6758864
0.1,5.0
