W2_Spike,Total_OT,Inventory
0.0,151.4611776,0
0.1,216.2027966,0
0.2,288.7303698,0
