Max_OT,Total_OT_Used,Inventory
36,130.5514765,0
48,128.3407976,0
60,126.78120200000001,0
