Setup_Reduction,Total_OT,Inventory
0.0,128.3407976,0
0.25,112.3199643,0
0.5,92.29783,0
