Holding_Cost,Q7_OT,Q8_OT,Q8_Inventory,OT_Savings
1,128.3407976,128.3407976,0,0.0
2,128.3407976,128.3407976,0,0.0
3,128.3407976,128.3407976,0,0.0
