Model,Total_OT,Shortfall,Inventory
Q6 (W11+W12),333.426573,1437.603766,0
Q7,257.645264,0.0,0
Q8,290.003216,0.0,0
Q9,277.264069,818.72344,0
