c_prod,Total_Cost,OT_Cost
25,11307.772045000002,6931.601725
30,12694.092390000002,8317.92207
35,14080.412735000002,9704.242415
