c_supp,Total_Cost,Support_Cost
35,12454.092390000002,1680.0
40,12694.092390000002,1920.0
50,13174.092390000002,2400.0
