Demand_Factor,Total_Cost,Total_OT,Shortfall
0.9,7797.965034,193.8321678,21.0
1.0,12694.092390000002,277.264069,818.72344
1.1,18863.278509,307.5854703,2571.9048
