Holding_Cost,Total_Cost,Inventory,Shortfall
1,12694.092390000002,0,818.72344
2,12694.092390000002,0,818.72344
3,12694.092390000002,0,818.72344
5,12694.092390000002,0,818.72344
