Max_OT,Total_Cost,OT_Used,Shortfall
36,13574.441025,217.4747475,1870.0662
48,12694.092390000002,277.264069,818.72344
60,12160.079490000002,327.84715900000003,0.0
