Penalty,Total_Cost,Shortfall,Inventory
1,5926.31074,5926.31074,0
3,12694.092390000002,818.72344,0
5,14331.539270000001,818.72344,0
10,18425.15647,818.72344,0
