Yield_Improvement,Total_Cost,Shortfall
0.0,12694.092390000002,818.72344
0.05,8765.016402,0.0
0.1,6523.320889999999,0.0
